employee_id,first_name,last_name,email,mobile_no,department_id,salary
12001,Victoria,Flores,lshea@example.org,(842)735-8337,4,113698.24
12002,Mitchell,Munoz,,780.751.5723x125,3,86903.57
12003,Mark,Carey,syoung@example.org,001-309-426-1218,5,105163.71
12004,Robert,Pennington,millercheryl@example.org,001-211-754-9074x285,1,71951.68
12005,Mark,Davis,taylorkylie@example.com,001-238-732-5349x18260,5,54777.41
12006,Alyssa,Delacruz,richard58@example.org,871-402-4064x745,4,76935.84
12007,Cody,Edwards,delgadokristine@example.org,947-549-4864,5,62403.7
12008,Mercedes,Armstrong,qsanford@example.org,001-514-982-4128x768,1,96297.78
12009,Evelyn,Long,harperamber@example.net,5314960490,4,67165.32
12010,Marilyn,Stanton,deniselewis@example.com,001-860-823-6857x63933,2,111605.95
12011,Matthew,Bryant,blanchardamanda@example.net,001-478-644-7299,5,68715.12
12012,Adriana,Lewis,theodorehouston@example.com,(729)303-5911x55887,5,73227.98
12013,Margaret,Long,swalls@example.org,(349)213-9157,5,85318.41
12014,Scott,Huffman,amanda56@example.net,444-343-6850x68664,3,52242.38
12015,William,White,crawfordnatalie@example.com,966.915.1189x6646,4,98141.39
12016,Manuel,Martinez,davisjason@example.org,2569475719,2,64055.82
12017,Rachel,Phillips,,+1-643-763-8304x93079,5,86885.94
12018,Luis,Cortez,wayneclark@example.com,977.908.9243x03156,4,64224.47
12019,Kendra,Reynolds,yrogers@example.net,001-988-771-2405x543,4,112815.87
12020,Noah,Crosby,spearsolivia@example.com,+1-400-692-7524x798,3,49462.59
12021,Jason,Mills,karenphillips@example.org,+1-240-867-6097x10112,4,61041.04
12022,Robert,Russell,qparker@example.net,+1-436-997-1099x773,3,74722.49
12023,Ryan,Russell,mjoseph@example.com,687-427-8260x6426,5,104278.85
12024,Nicole,Valencia,williammyers@example.com,695.684.1998,2,80575.63
12025,Donald,Carney,john84@example.com,876.399.6872x6741,3,84699.34
12026,Ashley,Cunningham,masonjamie@example.net,+1-370-858-3217x5987,,108695.99
12027,Christian,Hernandez,orosario@example.com,839-852-5205x57666,3,40946.27
12028,Jennifer,Sanchez,wrichmond@example.com,(659)861-3029,,117368.39
12029,Donna,Hancock,pparker@example.com,8142697717,4,42869.2
12030,John,Powers,donnamayo@example.org,(863)821-1752,5,56896.96
12031,Alan,Gonzalez,webbmichael@example.net,001-758-903-1793x61708,2,115612.48
12032,Keith,Wilson,taylorjames@example.net,+1-770-680-6872x47817,,70200.82
12033,Brian,Moore,,840.531.5042,2,108072.35
12034,Travis,Rodriguez,hahntina@example.net,740.418.1594x02832,1,94219.42
12035,Anthony,Swanson,,001-683-496-0641x158,5,87808.13
12036,Ryan,Mcguire,pamela10@example.org,831.717.7928,2,82367.33
12037,Christina,Walker,allison73@example.com,628-916-1420x2678,3,79960.98
12038,Jesus,Young,bsanchez@example.net,(819)842-2824x690,3,53535.78
12039,Sherri,Johnson,aliciawallace@example.com,+1-922-889-4719x4653,4,87681.6
12040,Tracy,Mueller,kathryndixon@example.org,001-505-732-2130x7686,4,60896.91
12041,Earl,Miller,ramseywanda@example.org,001-565-355-8487x112,5,80724.38
12042,Timothy,Campbell,anthony64@example.net,001-223-340-3865x229,3,52861.88
12043,Sarah,Henry,debraclark@example.net,(570)389-0648,5,84440.73
12044,Jennifer,Smith,crystal74@example.com,001-705-266-2959,4,71957.02
12045,Karen,Terrell,margarethill@example.org,422-417-4850x65275,5,104460.77
12046,John,Matthews,berryjessica@example.net,554.588.1190,3,81753.43
12047,Ronald,Barton,blanchardsteven@example.net,629.282.8344x925,5,71913.31
12048,James,Peck,,+1-657-743-9688x8145,4,116889.18
12049,Aaron,Rivas,brookspatricia@example.net,+1-813-991-0426,2,119257.87
12050,Amanda,Hall,xrowe@example.net,8482670345,2,68837.83
12051,Alyssa,Mathis,allisonmartin@example.net,001-438-663-1706x93330,5,112270.44
12052,John,Brown,,001-506-928-6309x0077,4,43667.45
12053,Lindsey,Brown,,(585)681-3755x5391,5,112063.09
12054,Kristin,Wood,mcleanpamela@example.net,+1-432-446-7043x20817,1,78874.6
12055,Becky,Jones,mpayne@example.org,883-420-1995x019,5,59854.69
12056,Stephen,Gordon,,4579421044,3,115097.0
12057,Annette,Jackson,michael85@example.com,972-595-5546,,72236.39
12058,Stephanie,Lewis,katrina32@example.com,507.927.7220,2,59616.3
12059,Katherine,Holt,carlawhite@example.org,377.534.5489x44595,4,60368.5
12060,Martin,Young,paula29@example.org,001-946-735-7263x6514,1,61700.77
12061,Matthew,Warren,mmooney@example.org,282.962.5660,2,56625.72
12062,Jennifer,Curtis,lwhite@example.net,535-586-1428x759,4,53422.86
12063,Courtney,Clark,miranda50@example.com,+1-267-656-4245x74939,5,50880.45
12064,Angela,Reed,,282-309-8872x0000,5,102869.54
12065,Alyssa,Beasley,gballard@example.org,(457)515-2893x5489,2,72802.76
12066,Justin,Turner,anthonyguerra@example.com,(929)493-0274x1343,4,63812.51
12067,Emily,Ramos,dean33@example.org,262-472-5657,2,40434.93
12068,Alicia,Wilson,christinaneal@example.com,286.798.8409,1,64847.27
12069,Jennifer,Waters,uaguilar@example.com,(543)564-1764x261,1,66369.48
12070,Alexander,Rodriguez,macdonaldjoseph@example.org,+1-747-862-8200x046,5,60807.51
12071,Patricia,Hughes,kevin50@example.org,(860)614-7849,4,55752.15
12072,Jimmy,Jensen,ntrujillo@example.net,(242)842-4085x104,4,103759.26
12073,Robert,Torres,jeffery15@example.org,+1-333-738-4446x460,3,108312.7
12074,Crystal,Stone,dianesmith@example.com,784-568-9473x7610,,99386.43
12075,Julia,Terry,austinteresa@example.com,001-542-538-1413x908,1,111104.04
12076,Veronica,Sanchez,ashley13@example.net,+1-789-877-3102x49548,5,82370.11
12077,Mark,Meyer,,+1-214-796-3221x74260,5,42544.12
12078,Bryan,Taylor,mark42@example.org,(576)297-4561x76775,1,42041.96
12079,Danielle,Oliver,david36@example.net,(627)714-8194x965,4,108191.3
12080,Christian,Graham,matthew26@example.com,6848701457,2,85439.02
12081,Shannon,Anderson,,909-607-5152x7266,3,84182.17
12082,Kristen,Turner,morganjessica@example.com,(531)846-1033x03524,4,54473.24
12083,William,Hester,jmelendez@example.net,001-930-803-3039x6232,5,50008.04
12084,Kenneth,Crawford,richard15@example.net,001-786-270-4144x5589,2,40024.04
12085,Shawn,Patton,dean68@example.com,(633)272-5842,2,53725.71
12086,Kenneth,Fleming,juliepotts@example.org,697.502.0559,4,71640.89
12087,Michael,Miller,fmorrison@example.org,9828561462,2,117378.99
12088,Lance,Gardner,,(635)602-9821,2,91546.86
12089,Elizabeth,Flores,marykim@example.net,583-578-8308x8578,3,95202.94
12090,Kimberly,Manning,,(315)623-5177,2,95996.83
12091,William,Benson,spencersean@example.org,+1-344-240-3996x14963,4,85498.95
12092,Charles,Simon,,816.693.5729,1,88393.55
12093,Kristin,Medina,dwayne44@example.org,+1-973-204-3665x197,1,84993.88
12094,Ashley,Rivera,justin92@example.org,473.569.3887x51604,4,103313.69
12095,Sandra,Johnson,james31@example.com,681-798-5167,1,43096.94
12096,Nicole,Mccoy,reynoldsdavid@example.net,967-895-6837,3,111886.43
12097,Anna,Daniels,browngina@example.net,935.543.7216x657,,110759.57
12098,Jessica,Prince,johnsonnathaniel@example.org,+1-213-846-9685x5736,1,42010.04
12099,Christopher,Williams,,+1-799-406-5290,3,67005.93
12100,Danny,Freeman,tmiles@example.com,8982049849,2,49002.48
12101,Mary,Reed,,(320)720-1757,1,80558.4
12102,Kayla,Anderson,joshuasmith@example.org,(933)318-2054x5177,1,87873.14
12103,Kenneth,Moore,jsmith@example.com,992.267.6176,1,74166.85
12104,Daniel,Warren,jeremybates@example.com,(826)272-9995x7949,3,66431.72
12105,Greg,Walter,,(800)695-7354x4005,1,98341.97
12106,Calvin,Sanchez,,+1-890-826-5498,4,97946.77
12107,Mercedes,Smith,jonesjohn@example.net,+1-356-300-4034,4,90454.77
12108,Sabrina,Contreras,crawfordtimothy@example.com,451.390.2665,5,78638.47
12109,David,Wheeler,nmoore@example.com,001-560-480-2322,2,88909.45
12110,Jessica,Patterson,,7334975507,2,116782.18
12111,Sheri,Sloan,brownkrista@example.org,331-354-3982,4,114744.92
12112,Roberto,Woodard,,587-833-4999,3,101167.38
12113,Jill,Wilson,richard37@example.net,254.935.7939x8613,5,64818.78
12114,Tiffany,Snow,ericwilson@example.net,292-510-6391x32189,4,90517.79
12115,Paul,Arias,briangilbert@example.net,603-696-3085x68952,3,55209.3
12116,Michelle,Alexander,cmartin@example.net,673-805-7661,1,103839.95
12117,Alexandria,Dodson,kevinriggs@example.org,001-457-912-6041x8044,2,95589.38
12118,Eric,Jimenez,jacqueline62@example.com,556.562.1996x06639,1,76305.26
12119,Jason,Roberts,deborahcampbell@example.com,271.459.2109x1779,2,75658.26
12120,Alyssa,Mclean,matthewwade@example.com,(894)537-5056x573,1,48709.11
12121,Joseph,Ward,tammy51@example.net,315.388.8185,5,96333.98
12122,Victoria,Conner,hollypatterson@example.net,+1-606-262-7927x2521,2,42903.88
12123,Rick,Kelley,gayhaley@example.com,(984)654-8763x7933,4,79664.47
12124,Steven,Wilkinson,zhangjason@example.org,(542)344-9171,2,89672.42
12125,Bob,Lawson,edwardsmaureen@example.com,001-854-998-0685x41468,1,117216.6
12126,Tara,Cook,rodriguezpaul@example.net,842.312.7010x33953,3,46117.95
12127,Dawn,Nixon,,368.883.7567x3502,3,118471.85
12128,Leslie,Reed,amandawilliams@example.org,+1-852-999-1097x7487,5,100448.16
12129,Joel,Ellis,michaeldixon@example.com,(333)559-6794,,45901.76
12130,Theodore,Williams,victoria03@example.com,(375)844-1394,4,92148.23
12131,Jesse,Wells,josephmendez@example.com,+1-273-948-0252x3722,3,55167.83
12132,Timothy,Kelley,esherman@example.org,001-688-906-9211x9709,5,49001.19
12133,Harry,Barry,whitesteven@example.net,7316456147,4,111157.26
12134,Peter,Johnson,srosario@example.org,3564153115,3,44229.95
12135,Lisa,Moreno,scottgriffin@example.com,+1-885-338-3875x990,3,93702.67
12136,Jacob,Bowman,,(355)792-3084x10845,,91256.24
12137,Dwayne,Mercado,,+1-793-984-8303x27426,5,109503.51
12138,Anthony,Webb,jeffrey72@example.com,(614)594-9169x572,5,57173.91
12139,Laura,Kramer,richardskristine@example.net,(472)470-5126x80198,1,101640.91
12140,Justin,Young,brittanymorris@example.org,(462)326-4137x51988,2,112303.36
12141,James,Hawkins,timothy31@example.org,859-453-1139,3,95438.19
12142,John,Pennington,catherinebrown@example.org,+1-293-671-8136x04084,1,95130.47
12143,Latoya,Taylor,tamara33@example.com,329.966.5246,4,63206.44
12144,James,Ross,,551-358-8731,3,56303.2
12145,Nicole,Guerrero,gonzalesjacob@example.net,441.851.9627x413,5,82305.35
12146,Charles,Lozano,,700.815.7456x440,3,60190.4
12147,Audrey,Sosa,patricia87@example.net,(884)379-3849,2,108171.59
12148,Michael,Wright,kylepena@example.org,3029811156,5,89466.32
12149,Ryan,Patel,,(590)341-2177,5,107538.79
12150,Brittany,Andrews,tyronebright@example.com,(841)638-6674,4,98672.25
12151,Kathy,Reid,,001-639-833-2510x346,5,105959.08
12152,Catherine,Hughes,emilymartin@example.com,001-520-224-2029x0380,2,77645.37
12153,Ryan,Holloway,,270-720-6712,4,100248.28
12154,Willie,Rodriguez,austinsmith@example.org,353-999-7054x54520,5,104605.91
12155,Molly,Johnson,karen35@example.com,+1-287-670-9229x9309,,106157.33
12156,Jeffrey,Johnson,prodriguez@example.net,+1-588-292-5346x0257,1,116280.48
12157,Meredith,Nguyen,hwelch@example.com,+1-472-415-2228x365,5,77705.76
12158,Martin,Mcdonald,patelevelyn@example.org,(220)658-9725x81985,,41620.05
12159,Amanda,Hogan,ythomas@example.org,387.860.7595,5,112623.68
12160,Mason,Ball,shannonthompson@example.net,001-596-541-8909,,57741.75
12161,Amy,Wells,efry@example.com,(896)752-4028,3,43407.39
12162,Darlene,Welch,timothy85@example.com,487-723-9225x21142,4,56014.39
12163,Bradley,Price,jamesramirez@example.com,001-292-408-1215x958,4,40488.82
12164,Laura,Sharp,nealkevin@example.net,8567066937,5,44035.55
12165,Kevin,Johnson,vhaynes@example.com,001-951-373-0734,4,50686.3
12166,Blake,Ayers,rwiley@example.com,272-255-6162x442,1,40404.93
12167,Samantha,Wagner,george32@example.org,+1-401-457-0084,4,118346.78
12168,Kathleen,Price,jeremywilliams@example.org,3796654990,5,51655.39
12169,Gregory,Brown,maria88@example.com,(268)942-2133x90292,1,51333.77
12170,Parker,Mccarty,colemanmelissa@example.net,4933837376,2,41083.87
12171,Sara,Rosales,mcbridekathleen@example.org,347-947-8602x634,2,106415.49
12172,Richard,Shepherd,wharris@example.org,(955)657-5767x1111,1,56466.8
12173,Robyn,Briggs,lopezwilliam@example.com,2445354959,1,113895.96
12174,Sandra,Duke,,4589672428,1,118037.98
12175,Wanda,Taylor,lkrause@example.com,760.287.5069x55656,5,54875.29
12176,Charles,Hayes,,001-394-852-0607x454,3,95738.1
12177,Sharon,Ross,yjohnson@example.com,+1-710-838-7620x2957,5,43080.25
12178,Tamara,Hall,wgreen@example.org,9698562674,2,55968.65
12179,Tiffany,Carson,erika34@example.com,7429598090,4,42900.61
12180,Samantha,Thomas,zjames@example.net,+1-851-471-2146,4,48145.31
12181,Christopher,Logan,stephanieclark@example.net,001-484-394-5325x7980,4,68171.42
12182,Christopher,Landry,janet80@example.com,618-726-4233,5,65317.93
12183,Kyle,Rosales,kristibarrett@example.org,(248)432-3671,3,57316.93
12184,Jennifer,Guerrero,,+1-218-587-4601x47358,4,67732.08
12185,Amy,Romero,,727-455-4890x864,2,77162.24
12186,Devin,Torres,svaughan@example.org,(844)307-2147x3027,5,64928.94
12187,Amy,Mccoy,shortalexandra@example.org,001-307-543-5989,4,46848.25
12188,Kimberly,Kelly,christinegibbs@example.com,+1-802-688-1465x8929,1,104519.42
12189,Erin,Compton,pgriffith@example.com,(612)898-0082,5,66585.82
12190,Jesse,Rodriguez,jesseberry@example.net,(541)355-5336x981,2,48759.43
12191,Marcia,Miller,ahenry@example.com,352-595-7248x456,5,88728.09
12192,Dylan,Butler,wheelerelizabeth@example.com,(754)803-0385,2,73961.55
12193,Connie,Lane,robertmaxwell@example.com,(710)698-2811,3,84477.89
12194,Alex,Ramos,samuelconner@example.com,+1-728-974-3864,5,108468.74
12195,Gerald,Marshall,mnolan@example.org,001-636-558-6819,5,93347.74
12196,Philip,Merritt,gregory18@example.org,+1-945-573-0926x591,1,101176.54
12197,Janice,Phillips,jenniferbarrett@example.com,(428)459-3361x602,5,101756.47
12198,Randall,Leach,austinelizabeth@example.org,001-993-640-9815,2,71679.46
12199,Nicholas,Barton,,425-379-6981,1,90561.79
12200,David,Frost,wyattroberts@example.net,401.956.0852x6581,5,72558.29
12201,Abigail,Henry,theresawilkinson@example.org,(261)595-0750x697,3,41940.02
12202,Jessica,Smith,kfloyd@example.org,+1-647-873-8139x03486,3,108023.05
12203,John,Walker,xjackson@example.org,+1-807-584-0782,4,41668.96
12204,Lauren,Neal,,586.234.9512,2,78833.84
12205,Jodi,Chavez,lynchpamela@example.org,4722605392,2,113477.08
12206,Michael,Mcdaniel,donald64@example.net,684-658-9351x9581,1,79828.97
12207,Danielle,Long,rhunt@example.org,987.761.5514x07698,4,73344.23
12208,Mitchell,Banks,,+1-977-745-3422x967,3,69543.44
12209,Amy,Gilbert,sonya97@example.org,+1-364-963-9758x74100,4,95763.16
12210,Joseph,Smith,wrightanna@example.net,001-495-866-2270x054,,74993.1
12211,Lisa,Reyes,roseclifford@example.org,(200)288-2767x723,1,41484.99
12212,Yesenia,Walker,richcarrie@example.net,786-733-8906,2,55818.42
12213,Heidi,Middleton,donnaellis@example.net,387.910.7355,3,42131.14
12214,Scott,Nichols,wilsontyler@example.com,571.852.9039x92973,4,104218.31
12215,Mike,Lucas,obrienjeffrey@example.net,(948)699-1724,4,50633.89
12216,Stephanie,Cline,bobby55@example.net,3428194899,5,106057.96
12217,Ronald,Johnson,chasemurray@example.net,+1-464-908-6945x6231,2,77236.62
12218,Melvin,Williamson,calvin83@example.org,+1-711-307-0311x300,3,60730.62
12219,Julia,Costa,ptaylor@example.com,(267)964-2853x659,5,104430.09
12220,Sharon,Campos,,+1-687-263-0807x78074,3,46224.18
12221,William,Griffin,juangomez@example.com,414.255.7425x6986,2,114969.34
12222,Caleb,Greene,,298.616.4992x791,4,57234.11
12223,Angela,Adams,morrisonamy@example.org,(670)550-1252x4737,5,85383.89
12224,Denise,Baird,,774.410.8874x44007,3,72232.85
12225,Jonathan,Wilson,roberttaylor@example.org,(751)586-3108x904,3,118505.72
12226,David,Perez,,+1-417-303-0563x92440,5,61159.12
12227,Marissa,Crawford,heathernguyen@example.org,001-430-591-8636,5,44559.21
12228,Danielle,Gonzalez,,384-908-4017x464,3,107029.09
12229,Amber,Cooper,gonzalezeric@example.net,3078967154,1,94572.32
12230,Melanie,Smith,jeffersonshannon@example.net,+1-247-270-6690x49950,3,41564.44
12231,Jonathan,Compton,,762.426.0463x47644,1,52773.04
12232,Patrick,Joseph,alexandergarcia@example.net,909.732.7276,5,53413.39
12233,Nicole,Rodriguez,becky88@example.org,(628)352-5309,2,60165.15
12234,Alan,Robertson,barbara64@example.com,001-895-735-5525x7111,3,44398.18
12235,Marisa,Campbell,susanjohnson@example.com,+1-494-977-4350,1,67999.76
12236,Evan,Garcia,ethanmiller@example.org,+1-888-239-5257x61244,3,63636.05
12237,Donald,Jackson,,312-901-1622x496,1,89830.49
12238,Melissa,Peterson,megan13@example.org,(816)269-0678x64574,5,114702.63
12239,Laura,Hernandez,,906-757-4352x0226,1,113243.91
12240,Nathan,Johnson,wardrichard@example.net,505-724-9171,3,97991.61
12241,Shannon,Brown,kristine28@example.com,(321)377-1056,4,118470.32
12242,Anthony,Hunter,pespinoza@example.net,409.851.9524,4,101950.84
12243,April,Garcia,harrismichael@example.net,671.731.5042,2,72665.31
12244,Warren,Brewer,,655-321-9812x6629,1,53559.66
12245,Barbara,Mooney,sandra36@example.org,(525)308-3993,3,46981.32
12246,Dean,Hicks,katie93@example.net,(670)337-9347,3,108905.07
12247,Steve,Walker,peterslisa@example.net,+1-621-249-8202x7363,5,78963.25
12248,Christopher,Mcmillan,robert69@example.net,271.783.6006x42891,5,64937.95
12249,Ashley,Boyd,hughesmatthew@example.org,(276)791-7424x7228,5,41027.48
12250,Kyle,Rush,lward@example.org,001-930-204-1788x68997,5,71918.1
12251,William,Archer,kruegerkristy@example.net,631-434-7484x25291,1,76317.46
12252,Vanessa,Smith,juan58@example.net,991.479.6364,4,86779.2
12253,Lisa,Hickman,goulddaniel@example.com,001-381-280-7294,2,42215.81
12254,Paul,Huynh,wrhodes@example.com,983.859.7999x5983,,42443.58
12255,James,Garcia,abarnett@example.org,748.381.7687x206,5,104689.09
12256,Andre,Diaz,stephanie09@example.com,001-494-369-6465x77855,2,71504.02
12257,Brian,Smith,griffinroger@example.net,703.820.8590x109,,53706.41
12258,Patricia,Garner,hector48@example.org,001-292-679-2859x58673,2,118654.99
12259,Andrew,Duke,richard48@example.org,+1-714-867-1164x83186,2,116291.38
12260,Robert,Calderon,kevindaniels@example.org,+1-431-410-8786,3,115287.91
12261,Ashley,Lewis,michaelmorris@example.org,+1-337-966-1740x32429,3,102295.51
12262,Lawrence,Ruiz,,579-204-6245x8386,5,80536.65
12263,Kristina,Sharp,,(829)877-3935x53093,1,40223.73
12264,Lisa,Evans,pamela24@example.net,434.845.5508,3,43593.51
12265,Tiffany,Douglas,robinlynch@example.org,250-401-4282x59804,1,109414.4
12266,Wesley,Banks,holly50@example.net,825-927-7293x59067,3,91076.74
12267,Crystal,Hayes,ekelley@example.net,5736136031,1,110851.46
12268,Carol,Nelson,robertflores@example.com,001-296-363-0574x8406,5,119888.35
12269,Richard,Thomas,philipdavis@example.com,001-968-365-5699,4,81816.8
12270,Gabrielle,Wong,bennettvanessa@example.com,001-442-284-6685x70016,4,73757.99
12271,Chelsea,Moreno,,515-823-0764,4,84321.72
12272,Tiffany,Newman,gking@example.com,951-885-7621,2,105382.24
12273,Richard,Phillips,sjenkins@example.org,001-872-316-6520x8558,4,110758.56
12274,Kyle,May,carlsullivan@example.com,(860)754-6047,1,105791.92
12275,Rachel,Reynolds,gonzaleztonya@example.com,887-737-9805,3,76480.69
12276,Angela,Ware,brittany38@example.org,9818779529,5,96740.32
12277,Kimberly,Castro,zgreen@example.org,(231)476-5632,1,107709.64
12278,Johnathan,Bond,millermaria@example.net,238.400.4540,1,95024.58
12279,John,Harper,,981.938.4131x86286,4,59592.95
12280,April,Myers,,+1-880-625-6074x9735,2,105316.39
12281,Sabrina,Johnson,kingjeremiah@example.net,951-914-7088x692,4,58996.1
12282,Todd,Scott,,+1-635-520-9667x55718,1,56158.12
12283,Pamela,Brown,,(291)312-1582x277,3,75977.37
12284,Donald,Newman,,+1-388-410-1761,5,68729.53
12285,Sarah,Orr,,209.643.3010x8602,1,61852.5
12286,David,Everett,pauldavis@example.com,(903)330-4935x8957,,98051.17
12287,Jennifer,Rodriguez,claytonmichael@example.org,934-360-6695,1,79800.4
12288,Jasmine,Mullen,shawkins@example.com,(474)774-8429,4,59065.0
12289,Jesus,Mccann,ybeard@example.com,914-758-6646x8231,4,76673.12
12290,Jennifer,Foster,brownrichard@example.org,(296)569-3571,5,108297.78
12291,Tyler,Cole,balvarez@example.com,001-582-929-9592x39052,5,84029.26
12292,Joshua,Williamson,timothyhines@example.org,+1-852-202-6782x39359,3,43700.96
12293,Leslie,Smith,emorales@example.com,+1-790-370-3887,2,101473.88
12294,Kenneth,Williams,dbradley@example.org,(910)267-0749,3,94054.27
12295,Nicole,King,kathleen00@example.com,593.446.7361x58243,4,92418.91
12296,James,Perkins,jennifercampbell@example.net,001-665-970-3971x18560,5,112456.15
12297,Jessica,Kim,,001-653-268-9735,5,76103.65
12298,Aaron,Hernandez,whitenathan@example.com,+1-642-612-7592x193,4,89877.48
12299,Amanda,Walsh,kmurphy@example.org,6916405286,5,82608.27
12300,Anthony,James,garciajessica@example.org,(688)361-7997x359,1,76604.22
12301,Monica,Brewer,,001-797-386-8777x511,5,115306.5
12302,Paul,Payne,cody80@example.org,(854)954-2557x75943,5,116116.9
12303,Jessica,Cunningham,estradadalton@example.net,939-204-7773x0362,3,91254.97
12304,Sarah,Burke,unash@example.org,+1-953-250-7325x25867,2,80214.26
12305,John,Eaton,,001-672-989-2302x287,5,88848.81
12306,Gail,Herrera,tyler98@example.net,+1-352-543-6831x48446,4,84359.39
12307,Michael,Wallace,zrollins@example.com,947-786-5374,5,53357.91
12308,Timothy,Wells,kimberlydickerson@example.org,332-408-3417x6198,3,40192.69
12309,Bethany,Williams,guerrapaul@example.net,(491)227-0284x8451,4,100491.02
12310,Amber,Gentry,,587-322-6099,1,54690.15
12311,Paul,Sanchez,josejackson@example.com,498.215.9052x57914,2,99240.9
12312,Justin,Owens,eric67@example.com,+1-347-257-7339x2694,3,115117.84
12313,Christopher,Marquez,troyharmon@example.net,337-704-2487x108,3,86148.92
12314,Sherri,Cruz,,+1-394-619-4309x8722,5,79393.89
12315,Michelle,Guzman,stacie12@example.com,+1-616-978-3527x18763,5,62035.94
12316,Stephanie,Calderon,qpittman@example.com,5123006850,3,81410.61
12317,Jennifer,Duran,reevesstephanie@example.org,(990)387-9912x29011,1,112362.57
12318,Courtney,Lynch,thomas89@example.org,494-928-2515x94395,,86924.48
12319,Brad,Walton,,(884)345-2319x82321,5,77553.84
12320,Margaret,Peterson,lisa46@example.com,372.651.5919,3,99302.55
12321,Anthony,Stanton,cristina88@example.net,485-532-1224,1,62196.77
12322,Ryan,Walker,mschmidt@example.com,725.864.3483x065,5,70034.63
12323,Richard,Gillespie,horndrew@example.org,+1-232-494-6175x72741,3,57235.97
12324,Patrick,Stout,udaniel@example.org,4856561075,5,43864.35
12325,Maxwell,Gray,hernandeztracy@example.com,770-879-8550x4470,4,92928.98
12326,Debra,Bell,eturner@example.net,(331)289-5690x730,5,99555.9
12327,Thomas,Mccullough,robertsbrenda@example.org,001-896-979-3723x8719,2,85889.15
12328,Robin,Owen,yreyes@example.com,001-399-603-4338x600,5,52662.3
12329,Anna,Hawkins,amanda87@example.net,752-871-4433x73369,5,112980.27
12330,Yvonne,Warren,,838.466.3895x2208,1,75664.34
12331,Bob,Phillips,sabrinadelgado@example.net,601.388.5198x3982,5,81980.24
12332,Austin,Berger,,612-876-6509x3610,4,57198.84
12333,Diane,Smith,russelljohnson@example.org,001-534-628-3272,3,117122.35
12334,Gwendolyn,Schwartz,johnsoncory@example.org,+1-817-959-1221x4788,2,65270.15
12335,Adrian,Costa,josephchambers@example.net,+1-248-951-7485x613,2,70132.16
12336,Alexander,Wilkins,lblack@example.org,+1-894-877-1552x296,4,42008.86
12337,Cassandra,Becker,millsrobert@example.net,338.457.2101,5,54807.54
12338,Jessica,Oneal,zmontgomery@example.net,(447)261-8493,1,115650.82
12339,Rachel,Phillips,,841.274.0589,1,91276.16
12340,Gary,Murphy,katrina64@example.org,+1-233-212-2638x777,3,119341.95
12341,Vickie,Booth,ryan37@example.net,(935)730-9855x653,3,103935.98
12342,Marie,Johnson,watsonheather@example.org,546.862.0859x2720,2,46401.08
12343,Mark,Davis,wheelermichael@example.com,416.537.8763x24204,3,86409.25
12344,Kevin,Curtis,ashley43@example.org,(508)333-4209x5444,2,64904.17
12345,John,Osborne,ashleyjones@example.org,(368)965-5362x8306,,69986.95
12346,Patricia,Blackwell,wesley98@example.com,4714184527,4,101774.06
12347,Stephen,Horton,lopezjohn@example.net,316-785-4198,2,89952.66
12348,Michele,Smith,qmiller@example.net,+1-440-566-4065x66690,5,68217.43
12349,Karina,Thompson,rjohnson@example.net,+1-691-233-2415x2909,1,92760.83
12350,Michael,Short,sandra62@example.com,(577)391-4684,2,119856.02
12351,Alicia,James,zcosta@example.net,266-367-2218x373,1,67367.54
12352,Christina,Mitchell,loneill@example.net,+1-543-984-8211x9876,3,52371.94
12353,Elizabeth,Hale,,2327859937,2,119702.88
12354,Kevin,Shaw,elizabethmolina@example.org,3736470936,5,112444.16
12355,Nicholas,Yu,,(544)951-9900x36790,2,102422.19
12356,Andrea,Brown,,001-671-869-4059x60747,5,84133.97
12357,Mary,Foley,kcaldwell@example.com,522-576-5564,4,116565.76
12358,Michael,Carrillo,,254.732.6424x548,4,56074.1
12359,Stacey,Hutchinson,johnmatthews@example.org,842-959-4192,5,99893.96
12360,Lisa,Parsons,jennifer85@example.org,(911)615-0653,5,70177.5
12361,Sara,Conway,gina43@example.org,361-371-4466,3,73830.86
12362,Cynthia,Bryant,ginagonzalez@example.org,(334)598-6641x71242,1,47626.55
12363,Nathan,Taylor,johnsonbrandy@example.com,(855)793-3548x059,5,73015.64
12364,Brandon,Gray,angel08@example.org,+1-500-861-7958x4427,4,74530.96
12365,Douglas,Johnson,halllauren@example.net,001-772-930-2842,2,102874.86
12366,Karen,Perkins,,610.632.0678x33282,5,92273.28
12367,Karen,Wong,ashley84@example.net,277-366-1912,5,73598.7
12368,Joshua,Bryant,asmith@example.org,+1-244-832-7823,3,118770.26
12369,Jennifer,Jones,burnsmax@example.org,432-601-3730x4037,5,78561.17
12370,David,Jones,qsmith@example.com,983.774.0898,3,115908.94
12371,Steven,Melendez,samuel56@example.net,6859990424,1,51113.14
12372,Sarah,Johnson,kaisermelissa@example.org,+1-733-298-8289x88408,4,50660.43
12373,Nicole,Avery,alexanderwells@example.net,(271)445-5735x8118,4,98240.32
12374,Scott,Powell,,+1-741-609-0397,1,77320.04
12375,William,Smith,cowanlorraine@example.org,7764621146,4,83620.82
12376,Nicholas,Richardson,xbrown@example.net,(927)244-8778x61090,5,114173.35
12377,Shannon,Miller,meghanlozano@example.com,8262532365,2,110855.5
12378,Nicole,Hartman,jaimewilson@example.org,924.868.5909x849,1,71640.75
12379,Julie,Johns,robbinsvictoria@example.org,+1-997-223-6394x2820,2,106426.49
12380,Mathew,Mann,cortezamy@example.net,817-953-1053,4,55772.65
12381,Veronica,Davis,ihanson@example.net,(539)937-0840x87809,3,118911.29
12382,Tyrone,Peters,pgutierrez@example.net,(846)981-5857x5937,4,100127.2
12383,Sandra,Spencer,alarsen@example.com,6243367868,4,49397.96
12384,Lindsey,Best,ajennings@example.com,+1-946-697-0764x33391,4,65941.16
12385,Mark,Williams,rodneymontgomery@example.net,(759)832-7554,3,47403.94
12386,Karen,Flowers,johnstonandrew@example.org,486-525-9785x52961,1,115501.87
12387,Jose,Duncan,fjimenez@example.net,877.998.1715,3,75249.89
12388,Samantha,Bush,gonzalezwilliam@example.com,(624)764-8604,1,113407.67
12389,Sarah,Welch,karenmccarthy@example.com,3088782822,2,102118.59
12390,Sean,Castro,anthonydominguez@example.org,(993)353-3099x1252,3,41408.33
12391,Kimberly,Carroll,matthew00@example.com,7909641957,4,108579.35
12392,Matthew,Hall,peterschristopher@example.net,596.722.1122x30011,5,81689.03
12393,Kathy,Boyd,nsexton@example.net,370.303.2540,4,109040.72
12394,Robert,Mccoy,xobrien@example.net,9089881457,5,61771.94
12395,Maria,Hernandez,codynelson@example.org,920-950-6672,5,84076.16
12396,Deborah,Price,joseph78@example.org,001-730-985-4407x9303,1,73697.11
12397,Lawrence,Carlson,waredylan@example.org,001-753-794-4789x41040,4,116504.49
12398,Raymond,Guzman,toddpatterson@example.org,+1-527-380-8044,1,119424.8
12399,Christine,Anderson,sarahcarson@example.org,597.851.4037,1,98140.22
12400,Joel,Clarke,gonzalezrobert@example.com,607-919-3389x2172,2,78610.28
12401,Rachel,Baker,,(434)331-9147x812,2,58854.51
12402,Michael,Cooke,foxmary@example.net,+1-248-550-1774,1,91245.56
12403,Mary,Hanson,sweiss@example.net,992.308.9707,1,83253.26
12404,Anthony,Pruitt,,001-907-448-0706x940,3,106172.63
12405,Carol,Edwards,reneenelson@example.com,(255)478-0695,5,88681.46
12406,Blake,Jones,mullinsashley@example.org,001-607-680-8927x675,3,62459.0
12407,Kyle,Barnes,megan28@example.org,001-796-621-4152x3710,4,106930.38
12408,Joseph,Myers,,001-373-547-7971x28916,5,96653.32
12409,Rodney,Hernandez,galvanmelissa@example.net,524-327-2516,,55139.61
12410,Randy,Baker,ginalowery@example.org,594-466-2018,2,84132.89
12411,Charles,Hays,melissacohen@example.net,(904)721-0910x9388,2,47196.81
12412,Kimberly,Mcguire,,692.263.4043,3,40015.94
12413,Lisa,Campbell,elizabeth50@example.com,3919375803,3,97125.86
12414,Cristian,Davis,heather65@example.net,+1-649-689-8777,4,114703.95
12415,Cathy,Lin,lanemargaret@example.net,001-915-952-3606x2473,4,67649.34
12416,Bailey,Vega,doughertyeddie@example.com,+1-772-420-9383x411,3,50234.04
12417,Angel,Rojas,salazarjessica@example.org,2109079124,1,71636.03
12418,Jessica,Turner,raven17@example.org,844-678-6875x0882,2,116499.0
12419,Ronald,Garcia,harrislawrence@example.org,(726)237-5042x4891,5,44085.97
12420,Jamie,Lewis,jglenn@example.net,+1-369-301-8749x2298,5,94065.53
12421,Lisa,Carter,burkepeggy@example.org,779-336-9147x128,3,58582.44
12422,Melissa,Flowers,,001-615-995-2560,4,42554.85
12423,Courtney,Orozco,yprice@example.com,001-620-676-5505x56224,2,77803.87
12424,Julie,Garza,sharon03@example.net,001-679-711-3073x7867,1,60983.58
12425,Jeremy,Jackson,snyderjohn@example.net,(960)250-1409x9214,1,87890.4
12426,Andrew,Carpenter,,627.805.7575x3569,5,101688.71
12427,William,Marquez,,349.706.0381,1,64511.97
12428,Wayne,Brown,jramirez@example.net,+1-725-918-3796x1493,1,69884.58
12429,Rachel,Rodriguez,kathryn75@example.com,637-918-5683,2,107277.73
12430,William,Jones,maxwellandrew@example.org,001-689-724-9653,4,66300.38
12431,Charles,Simpson,meyersrichard@example.net,001-533-467-9360x283,4,68275.96
12432,Matthew,Nichols,reedxavier@example.net,4958171325,5,52948.29
12433,Tina,James,mary86@example.net,471-765-9688x6588,1,115410.52
12434,Paula,Rivera,ryan01@example.net,397.464.6467,,45030.18
12435,Cody,Cain,davidsonsheila@example.org,484-778-8229,1,106698.84
12436,Amy,Maldonado,aaronbrooks@example.org,4922357886,2,94557.16
12437,Erin,Brooks,williamsterry@example.net,884-405-6850,2,64426.7
12438,Julie,Smith,schultzstephanie@example.org,820.861.1961x43714,5,42052.35
12439,Patricia,Garrett,,762.448.6273x734,2,90666.84
12440,Jeffrey,Parker,martha90@example.net,4207872021,1,45022.08
12441,Alicia,Bailey,carpenterjocelyn@example.org,(832)613-4716x324,2,60464.27
12442,James,Miller,kelseyhenry@example.net,564-221-5406x8642,5,113827.63
12443,Brittany,Pennington,maria06@example.net,001-494-753-2205,3,111826.65
12444,Ashley,Tucker,justincline@example.net,835.574.3850x39447,3,78421.11
12445,Amy,Smith,williamsonkyle@example.net,220-203-6012x5133,2,63007.91
12446,Jason,Rasmussen,laura82@example.org,001-343-786-7910x72441,1,104721.07
12447,Tammy,Brown,,417-246-7895,3,73925.16
12448,Robert,Ballard,,(201)551-9360,3,73620.11
12449,Charles,Arnold,matthewandrews@example.org,+1-723-955-7134,2,41699.68
12450,Angel,Parker,hsoto@example.net,825.586.6372x77725,1,40430.09
12451,Michael,Casey,,375-445-9410x255,5,64201.35
12452,Jamie,Long,tyler31@example.net,(242)887-3780x7329,3,96099.4
12453,Dustin,Riley,jacksonmatthew@example.net,603.883.9007x7522,2,51489.2
12454,Sherry,Medina,lrodriguez@example.com,825.378.8783x083,1,98525.29
12455,Rodney,Johnson,,001-312-549-5703x714,5,115105.05
12456,Kim,Taylor,,001-857-291-9516x374,4,105407.12
12457,Kristy,Barajas,,(631)212-1696x32059,1,104858.06
12458,Joel,Baker,dcarr@example.com,(645)496-2036x10172,4,95894.14
12459,Caroline,Jackson,,001-255-213-6824x061,1,64819.4
12460,Heather,Giles,ashley75@example.net,+1-673-725-7462x983,2,100809.89
12461,Megan,Gomez,gwolfe@example.net,+1-295-589-8947x1119,1,91628.92
12462,Joanna,Ellis,kmiller@example.net,927.600.0247x621,3,103792.6
12463,Bruce,Hudson,vschultz@example.com,(864)874-6101,3,93909.16
12464,Brian,Ware,stewartleonard@example.net,830-728-5139x99806,2,42713.27
12465,Barry,Grimes,caitlin39@example.com,960.405.3944,5,119912.64
12466,Michael,Ramirez,riveramorgan@example.com,001-597-237-3176x6632,4,47458.68
12467,James,Perkins,martinvictoria@example.net,(297)831-0222x8423,5,42760.3
12468,Jennifer,Hensley,haley88@example.org,+1-695-839-2912,2,56238.71
12469,Kenneth,Scott,llynch@example.org,917.358.5145x19142,3,112324.44
12470,Adam,Thomas,jsanders@example.net,8315481884,1,44376.86
12471,Sharon,Bates,dwallace@example.org,(227)376-9293x1914,5,65942.04
12472,Jonathan,Olson,shawnpatel@example.org,(786)462-3454,5,41783.86
12473,Jacob,Hensley,farmerstephanie@example.org,(321)846-2554,2,97870.63
12474,Debra,Wolf,phernandez@example.org,750.669.4013,1,95350.07
12475,William,Mckee,brian27@example.org,304-555-9285x0280,5,65148.73
12476,Brian,Jones,orozcoregina@example.net,559-205-9581,5,103966.96
12477,Cody,Murphy,danielrojas@example.com,8792237489,1,69276.68
12478,Paul,Shaffer,johntrujillo@example.org,(648)445-0724,4,72400.24
12479,Michael,Henderson,rebecca48@example.net,+1-935-802-6285,5,87272.58
12480,Robert,Carter,obird@example.org,001-576-233-9429x3724,,113878.55
12481,Christian,Carson,vanessataylor@example.org,983.865.8429,2,109881.73
12482,Michael,Lindsey,thomasmichael@example.net,001-482-473-6487x23003,4,62752.88
12483,Stephanie,Austin,amandamoore@example.com,445-765-7817,5,111539.79
12484,Tamara,Ruiz,nathan58@example.com,3183559446,3,57306.25
12485,Holly,Martinez,,646.449.2326,3,110699.58
12486,Nancy,Rios,owensalexander@example.net,+1-360-602-2848x23766,5,103207.49
12487,Amanda,Coleman,michellejohnson@example.com,907-653-5466x55126,1,66883.44
12488,Daniel,Wilson,williamsdoris@example.net,870.555.0803x17182,4,70236.28
12489,Danielle,Pierce,jennifer63@example.com,506.407.6938,3,77534.02
12490,Paul,Beard,michellefuller@example.org,+1-829-954-6265,2,105275.43
12491,Jennifer,Harper,qcobb@example.org,249.581.4153x621,2,108278.32
12492,Stacy,Bryant,brendan62@example.com,001-700-633-5696x616,4,101400.98
12493,Victoria,Conner,heidi30@example.net,629-782-7390x443,4,49393.41
12494,Arthur,Owens,,604.219.4795x84750,2,63319.96
12495,Ryan,Sanders,spencerjorge@example.net,787.472.1176,,84244.98
12496,Miranda,Hatfield,pjones@example.net,(459)988-9643x745,1,91768.7
12497,Pamela,Carter,xpowers@example.net,338-892-1248,,58378.98
12498,Cindy,Mason,ogomez@example.net,432-770-7026x5980,5,110568.58
12499,Hayden,Johnson,lthompson@example.org,+1-752-341-5846x7937,1,101036.51
12500,Kevin,Reed,laurie47@example.net,+1-893-265-1807x9057,1,68778.4
12501,Brittany,Dunn,nancy08@example.com,526.590.1644x852,3,57375.15
12502,Ashley,Hodges,amy76@example.com,369.707.4261,4,82924.15
12503,Todd,Hammond,fmullins@example.org,656-477-8624,3,63791.95
12504,Denise,Kelly,yescobar@example.org,001-633-378-1996x08015,1,87676.35
12505,Carla,Dunn,,(821)685-8759x7797,5,74244.09
12506,Jonathan,George,ethan76@example.org,556-496-3280x824,,80854.7
12507,Lydia,Bush,scott67@example.net,(977)861-0291,5,54781.45
12508,Joshua,Ross,jennifer25@example.org,330-582-9900x8407,3,114424.78
12509,Jeremy,Rogers,ydavis@example.com,421.305.4643x6168,3,48436.98
12510,Joshua,Mitchell,arodriguez@example.net,+1-958-611-3922,4,62505.75
12511,Cory,Andrews,jfinley@example.net,973-790-7933x2407,4,77020.98
12512,Thomas,Rhodes,ericksonmary@example.net,8592363928,3,106413.53
12513,Aaron,Smith,scottthompson@example.com,+1-612-316-5246x3268,4,90369.79
12514,Jessica,Combs,jvelasquez@example.net,853.371.2580,1,117465.08
12515,Ashley,Padilla,tara12@example.net,(218)783-1780x3941,,102388.93
12516,Amanda,Espinoza,cdavis@example.com,5576590838,5,58741.14
12517,Michael,Hernandez,mary80@example.org,+1-261-528-6471x98962,2,70578.22
12518,Amy,Knight,wholmes@example.org,732-491-7560x3494,2,100541.99
12519,Jesse,Medina,,+1-915-875-6511,4,113567.46
12520,Rachel,Austin,annettemerritt@example.net,001-458-815-4640x5363,3,77285.51
12521,William,Walker,anna34@example.org,+1-288-624-8115x04060,1,66688.03
12522,Benjamin,Henry,,(947)444-8018,4,97931.98
12523,Michael,Duncan,peter71@example.com,(760)796-7724x64241,3,86837.99
12524,Steven,Hampton,silvamichael@example.net,829.252.9883x2402,2,40887.52
12525,Kendra,Ortiz,jeremy12@example.com,783.206.0744,1,80077.65
12526,Chelsea,Mitchell,klopez@example.com,716-558-3397,5,76393.5
12527,Carlos,Lewis,deannabautista@example.com,(882)930-5230,1,52627.79
12528,Douglas,Villegas,pgray@example.org,464-738-0972,5,60810.59
12529,Ashley,Thomas,,767-264-3330,3,44649.06
12530,Matthew,Armstrong,brittany45@example.net,001-606-520-2190x0458,4,51814.71
12531,Clifford,Morris,ngreen@example.net,2839204093,3,102784.37
12532,Daniel,Christensen,yatkins@example.net,+1-445-741-7323x7428,4,87911.8
12533,Brittany,Evans,kimberly28@example.org,337.999.4007x221,4,81865.92
12534,Eric,Lane,,001-360-263-2909x9706,4,82639.76
12535,Theresa,Soto,lhendricks@example.com,713.218.7294x99611,3,103965.97
12536,William,Burns,stacey16@example.net,485-233-8279,4,64742.36
12537,Mindy,Smith,kelsey76@example.com,300-571-0687x5929,5,77142.9
12538,Victor,King,alexandra76@example.net,001-525-536-9760x89740,1,95752.05
12539,Allison,Myers,kenneth42@example.com,948-612-0105x639,3,109860.87
12540,Jason,Combs,akline@example.org,001-945-609-6301x210,2,89335.53
12541,Craig,Pitts,andrew45@example.com,614.497.4604x90519,2,43703.99
12542,Tyler,Becker,jeremy17@example.net,5192414899,1,50370.89
12543,Gerald,Horn,glenn65@example.org,375.375.6561,3,97389.75
12544,Robert,Hall,danaspencer@example.com,6865542267,5,47481.71
12545,Ryan,Vargas,christopher62@example.org,329.598.2847x4265,4,83839.61
12546,Lisa,Williams,,(535)704-0358x2854,1,111956.75
12547,Mary,Kirk,fitzgeraldlisa@example.org,(580)230-4613x843,2,44003.58
12548,Shane,Lee,xbutler@example.org,(597)291-4215x0243,3,44137.65
12549,Adam,Hernandez,wrandall@example.org,419.825.5621x8571,1,93623.91
12550,George,Walters,epalmer@example.com,(392)487-0689x40960,5,43862.89
12551,Barbara,Horton,jessica81@example.org,501-442-3740,1,58098.47
12552,Katherine,Murray,ymiller@example.net,001-227-309-9927x11865,4,85975.02
12553,Karen,Rodriguez,marshalladam@example.org,001-940-587-9810x416,3,56808.48
12554,Jon,Lewis,megan66@example.org,(230)364-8021,2,40272.62
12555,Gina,Lee,pottermicheal@example.net,001-451-819-5900,5,64735.99
12556,Kevin,Nelson,icruz@example.com,001-279-406-3533x50740,5,98175.55
12557,Anthony,Ochoa,davidwells@example.org,(889)430-3161,5,101696.33
12558,Hannah,Williams,nancyhodge@example.com,(583)819-3069,2,46857.2
12559,Steven,Day,eestrada@example.net,790-508-4533x6587,1,108734.31
12560,Matthew,Palmer,smithdarlene@example.org,809-581-1899x96191,5,57061.2
12561,Jeffrey,Miller,candace37@example.net,001-672-858-1053x728,3,46948.18
12562,Michelle,Roman,sarahbarrera@example.com,677-917-2636x525,3,77074.49
12563,Micheal,Rogers,youngmichael@example.com,228.936.3395x66946,,41862.95
12564,Leslie,Thompson,davidhensley@example.com,655-759-6403,4,48533.34
12565,Miranda,Caldwell,smithsteven@example.org,481.434.3723x1084,4,48780.51
12566,Shawn,Moreno,christopherhoffman@example.org,3714767713,2,91592.38
12567,Melissa,Turner,jennifer44@example.net,(202)357-2940x2205,5,113717.28
12568,Lauren,Roberts,,522-649-3164x42730,3,68203.59
12569,Spencer,Hawkins,,728.542.2574x0364,5,119176.24
12570,Denise,Carter,,460.286.1452,4,88750.03
12571,Felicia,Duncan,,820.343.3633x591,2,109214.21
12572,Cynthia,Burns,williamstracy@example.com,897.251.6463x04789,1,43020.89
12573,Juan,Casey,josephbryan@example.net,3725527630,3,99797.12
12574,Brian,Robinson,kingkenneth@example.org,001-620-377-9325,5,43494.43
12575,Alex,Hendricks,stewartjillian@example.net,(937)778-1721x5715,,77019.32
12576,John,Oconnor,clinton18@example.net,341-291-2986x6422,5,86524.16
12577,Elizabeth,Wilson,laurawelch@example.com,+1-700-577-5709x6848,4,107789.85
12578,Jeffrey,Barnett,dunnlaurie@example.net,228-766-0733,2,104025.28
12579,Christopher,Johnson,mooretroy@example.org,(508)446-6163x072,5,63141.51
12580,Dylan,Rhodes,fgoodwin@example.net,(330)582-1273x71351,4,61157.1
12581,Sarah,Gallegos,jennifer78@example.net,+1-268-929-7323x27880,4,76751.27
12582,Carlos,Crosby,,001-318-652-0351x414,2,68671.73
12583,Frank,Paul,xhuynh@example.net,673-973-0490,2,88059.16
12584,Michael,Henderson,ryan62@example.net,(611)358-4584,4,118226.61
12585,George,Peck,,276.391.8405,,57123.88
12586,Tammy,Smith,nealpatrick@example.net,+1-399-738-7739x3958,3,60636.05
12587,Matthew,Mcclain,donald37@example.org,+1-300-649-8993x297,4,85262.01
12588,Curtis,Dillon,ericellis@example.net,+1-332-679-6046x48215,3,110536.8
12589,Sara,Martinez,,+1-628-717-3327x5745,1,81698.05
12590,Norman,Reyes,kevin00@example.org,362.439.9452x0271,5,95227.56
12591,Alexa,Clark,pvaughan@example.org,222-344-8123x1062,1,76134.77
12592,Heather,Martin,,(675)707-0827x52880,1,83227.42
12593,Veronica,Clay,robinsonangela@example.com,+1-416-743-0833,4,105355.23
12594,Ralph,Davis,stephenbonilla@example.net,(516)200-9672,3,48990.95
12595,Amy,Valenzuela,bellbryan@example.net,(644)659-4718,5,84271.85
12596,Austin,Lee,hgilbert@example.org,001-290-570-5646x86709,2,43061.34
12597,Victoria,Norman,zmitchell@example.net,579-709-7484x551,5,59804.2
12598,William,Andrade,,324-598-4097x78876,4,88063.06
12599,Casey,Keller,gbean@example.org,(861)487-3275x896,2,117827.38
12600,Emma,Lewis,ccampbell@example.net,828-605-9954,4,69497.01
12601,Jessica,Gilbert,thomas48@example.com,810.337.5211x0296,3,66139.53
12602,Julie,Williams,,001-972-651-4255x974,2,74417.58
12603,Kaitlyn,Kim,ihodge@example.com,+1-765-688-7141x437,1,48313.59
12604,Victoria,Becker,montgomerytamara@example.org,898-405-7773x4376,4,81881.5
12605,Michael,Zamora,sandra48@example.net,(925)462-6568,5,59235.02
12606,Gary,West,piercejason@example.net,+1-891-756-7963x0349,4,64436.27
12607,Tiffany,Walker,rhondaflores@example.net,276-721-8251x2185,2,108832.15
12608,Joseph,Smith,teresa03@example.net,387-222-7815x6081,4,62253.94
12609,Tommy,Steele,bartoncesar@example.com,(853)511-8873x15985,3,88148.1
12610,Mark,Ball,brianrobbins@example.net,+1-562-766-5859x091,5,76548.54
12611,Thomas,Bowen,amy27@example.net,904-945-7399,1,49553.46
12612,Taylor,Williams,carrie96@example.org,468-264-1337x4572,5,55922.03
12613,Maria,Robertson,kimberlywilson@example.net,+1-904-427-9187x0181,4,73768.8
12614,Jasmine,Fleming,,+1-717-387-8037x9548,3,48477.91
12615,James,Bass,jatkins@example.com,001-999-251-6352x054,3,117569.11
12616,Tonya,Walton,,9546213821,4,81025.16
12617,George,Burgess,,288-675-4736x0514,1,96083.35
12618,Michael,Romero,dixonpatrick@example.org,(829)330-6770,3,53514.55
12619,Troy,Huffman,hmartinez@example.net,001-654-663-3122x065,1,109634.26
12620,Ethan,Moran,beckjerry@example.com,001-714-904-6561x9202,4,84991.35
12621,Sarah,Harris,millerdiane@example.net,001-639-483-4665x1053,5,45720.16
12622,Christopher,Ho,robinsonjacob@example.org,426.619.9479x325,1,90308.79
12623,Andrew,Pace,natasha84@example.org,+1-267-842-4992x7938,,109725.95
12624,Shannon,Garcia,matthew30@example.net,+1-240-608-6620x262,1,72797.14
12625,Kristie,Weber,alexanderbray@example.org,(874)963-7991,2,67104.95
12626,Jimmy,Brooks,donnacook@example.com,832.317.9604x17754,2,64001.99
12627,Robert,Sanchez,sgill@example.net,001-522-495-3768x33727,2,89589.58
12628,Misty,Estrada,cpatel@example.org,596.772.8756,5,69160.37
12629,Michael,Aguirre,ncoleman@example.net,(491)998-8399x6657,1,52255.91
12630,Maria,Beasley,caldwellyolanda@example.com,001-899-629-9718x3758,5,40234.59
12631,Daniel,Holmes,htodd@example.com,(478)416-1602,5,61102.68
12632,Amy,Boyd,,441-619-5885x14400,3,68099.39
12633,Joseph,Robles,,488-814-2237x600,2,43684.82
12634,Lisa,Moore,jameshess@example.org,(820)634-9152x3685,4,107274.3
12635,Christine,Parks,jennifertran@example.net,(395)524-4686x6267,5,60112.13
12636,Lauren,Ferrell,cheryl75@example.com,(766)684-5452x860,2,117263.45
12637,Krista,King,erikjackson@example.net,808.583.0494,2,109379.16
12638,Monica,Frey,,5833944111,3,65309.53
12639,Kelsey,Perkins,melissakane@example.org,657-469-7605x5339,3,117310.49
12640,Lisa,Schneider,jason72@example.com,001-770-924-5763x990,3,79348.49
12641,Alexandra,Howard,tara50@example.org,580.273.1537x88825,2,90507.34
12642,Vanessa,Pena,ryan35@example.com,+1-465-579-3829x06097,1,93221.9
12643,Amy,Trevino,lrodriguez@example.org,001-755-597-5437x26085,5,109465.83
12644,Gary,Ortega,,(615)758-9020x05278,2,65334.86
12645,Christine,Long,kristinmorris@example.org,466.905.6135,2,81177.61
12646,Keith,Stephens,donald58@example.net,546-989-6022x542,4,79568.48
12647,Emily,Perez,scott62@example.org,(936)518-0922,5,87672.31
12648,Stephanie,Lawson,,+1-871-512-4553x2334,4,68565.65
12649,Elizabeth,Zimmerman,stephanie21@example.com,(341)684-1016x68247,5,62333.07
12650,Brooke,Hernandez,huntjennifer@example.net,(280)743-0525x8943,5,69792.31
12651,Bruce,Schmidt,,(489)858-2851x58723,2,71702.05
12652,Megan,Cochran,angelasmith@example.org,753-808-8768x59791,4,44732.36
12653,Mary,Sandoval,fmoore@example.org,610-579-7482,5,72244.21
12654,Chloe,Espinoza,brianahall@example.net,001-721-308-7627x09246,5,118539.28
12655,Matthew,Brady,kthornton@example.com,525.533.9319x160,1,98208.36
12656,Veronica,Jones,natalieturner@example.org,864.433.4695x55491,1,56616.68
12657,Keith,Thompson,brittney79@example.net,286-799-6188x9878,5,61119.76
12658,Tina,Bailey,brandonorozco@example.org,001-499-756-2171x5090,3,87385.66
12659,Hannah,Chan,vstanley@example.com,326-747-2672x623,1,105775.76
12660,Ashley,Holland,eric26@example.com,+1-451-480-6450,2,44062.37
12661,Ricardo,Herrera,singhnathan@example.net,(759)472-8569,5,88630.27
12662,Alexis,Christensen,michele21@example.net,822.750.3775x64121,1,43684.26
12663,Pamela,Ingram,,001-741-681-0589x913,1,71226.72
12664,Erica,Brooks,kathryn41@example.net,001-639-828-9312x294,4,112539.41
12665,Melanie,Estrada,emarks@example.com,001-304-326-2659x535,5,99735.53
12666,Kelsey,Bell,alexis56@example.org,630.792.1199,1,106934.12
12667,Lisa,Bell,austincarter@example.net,(701)873-4671,1,96050.35
12668,Erik,Williams,rbarnes@example.net,001-865-525-2227x1426,4,76724.35
12669,Meghan,Sullivan,danielroberts@example.com,973.820.2776,5,92744.95
12670,Curtis,Jones,william64@example.com,(829)575-5152,3,90043.77
12671,Susan,Preston,joelmartinez@example.org,001-908-952-6785x3534,2,64194.16
12672,Kim,Campbell,wwilliams@example.org,+1-786-576-1295x5697,3,49952.36
12673,Jared,Krueger,,001-315-479-5127,3,64291.43
12674,April,Rodriguez,garzamelanie@example.org,2642761276,2,116339.71
12675,Beth,Davis,jeffrey32@example.org,762-462-3465x9015,1,119995.6
12676,Brian,Grimes,,713.880.8144x620,3,44748.82
12677,William,Moore,,5628526548,5,77327.45
12678,Kevin,Hudson,colemanadriana@example.org,+1-502-947-2642x36730,5,99656.32
12679,Katherine,Flores,ernest73@example.org,873.695.0094x2098,5,114182.92
12680,Kristen,Williams,markhogan@example.org,(815)303-8466x2448,5,76284.47
12681,Tammy,Coleman,morrisonrhonda@example.net,(380)928-3030x585,3,46929.65
12682,Steven,Gonzalez,heather09@example.net,626-983-3626,4,43950.49
12683,Barbara,Blanchard,zorozco@example.com,751.245.7918,5,88594.57
12684,Christopher,Wells,justin68@example.com,732-396-7716x13821,5,91101.04
12685,Laura,Wilson,,498.236.5872x819,5,100984.47
12686,Jessica,Jones,,915-919-8638x00939,4,55902.73
12687,Jacob,Hickman,jamie11@example.org,+1-296-982-3907x71216,5,102629.77
12688,Johnny,Hayes,,+1-990-901-7473x901,3,69305.43
12689,Natalie,Montgomery,bensonnancy@example.net,592-700-8097,2,92522.3
12690,Chad,Ramos,anthonylittle@example.org,+1-685-728-3246x84674,4,116917.14
12691,Jessica,Mccoy,lopeztheresa@example.org,001-886-369-2449x885,5,48384.89
12692,April,Gillespie,chull@example.net,+1-466-970-7654,4,103808.1
12693,John,Gonzalez,xlang@example.com,683.922.7101,2,119976.78
12694,Randy,Simpson,hernandezjoshua@example.net,+1-337-354-0522x59403,3,64835.21
12695,Tracy,Barnes,,819-610-7336,4,55786.32
12696,Marissa,Bush,mary30@example.org,338-283-7945x1071,5,80445.14
12697,Michelle,Moss,petersonjames@example.com,229-706-2723,1,73837.89
12698,Robert,Wilson,amy50@example.net,532.361.2503,5,107265.17
12699,Nicholas,Johnson,derrick81@example.net,973-215-7877x3759,1,40281.52
12700,Sierra,Scott,kvelazquez@example.net,+1-773-228-2911x2414,4,43988.32
12701,Jonathan,Walker,tinamccall@example.net,876.362.6646,3,119398.52
12702,Michelle,Cox,emma71@example.org,407.686.3021x3328,4,92619.39
12703,Melissa,Allen,brendagraham@example.net,268.972.7036,1,61182.26
12704,Tracy,Jackson,kbailey@example.org,(821)732-7437,4,84817.83
12705,Aaron,Rich,michealtaylor@example.net,959-419-1219x355,4,68496.33
12706,Anita,Williams,housekevin@example.org,944.220.6433x608,3,88074.13
12707,Brooke,Baker,danny72@example.org,3533029465,2,105484.9
12708,Jared,Zavala,wandajones@example.org,(785)305-9980x784,4,43726.21
12709,Gary,Dean,danielgreen@example.net,+1-950-575-4470x52865,4,59205.63
12710,Emily,Johnson,imitchell@example.net,489-247-3677x32883,1,72332.23
12711,Nicholas,Galloway,meaganjohnson@example.com,303.344.8740,5,115262.35
12712,Allison,Hardy,,001-343-565-9011,2,102746.67
12713,Nicholas,Adams,ifloyd@example.org,+1-200-417-2874x93650,2,59416.4
12714,Nancy,Schultz,stevelee@example.com,747-512-5394x779,5,101182.79
12715,Donna,Coffey,randalllouis@example.com,993.269.2067x674,4,40441.8
12716,James,Thomas,,001-597-860-2826x80945,3,50418.05
12717,Stacey,Martinez,nancytownsend@example.org,212.350.6790x614,3,68419.19
12718,Dana,Griffith,fscott@example.org,622.856.8128x102,2,60918.34
12719,Andrea,Alexander,,2484211860,1,52004.4
12720,Nicolas,Acosta,kaitlyn55@example.org,264-478-4233x118,1,109767.75
12721,Tina,Holmes,yhahn@example.com,(786)816-5071,,44267.98
12722,Ivan,Eaton,,4877194492,1,49200.45
12723,Stephanie,Lopez,martinezmelissa@example.net,(399)429-1868x729,4,50365.16
12724,Jeffrey,Garcia,michael92@example.com,+1-815-565-3300x5670,4,78827.67
12725,Michael,Hawkins,hollywilliams@example.org,9533160373,3,53268.27
12726,Todd,Rose,levyanthony@example.com,+1-645-395-3468x1171,2,45447.37
12727,Thomas,Jackson,,4813446239,1,42473.39
12728,Brian,Campos,thomashanson@example.org,5992737603,4,83776.47
12729,Shari,Trujillo,,597-338-3817x9053,5,54881.74
12730,Justin,Williams,huberjason@example.com,838.782.4881x218,4,109746.11
12731,Edward,Thompson,francisco50@example.org,5403249594,2,47633.91
12732,Allen,Walker,,001-253-261-5865,2,112270.8
12733,Julia,Guzman,ingramclayton@example.org,(418)547-6917,3,52333.92
12734,Debbie,Watson,ufrazier@example.org,001-733-914-6810x0731,5,79702.82
12735,Kevin,Blake,tiffany44@example.com,001-895-722-6741x3091,4,73347.41
12736,Jared,Harris,,(368)269-4391x9811,1,99488.04
12737,Rebecca,Sparks,hughesashley@example.net,(429)397-6152,5,117930.62
12738,Carol,Tran,helen01@example.org,+1-435-715-4717,5,97115.45
12739,Julie,Greer,xdelacruz@example.com,968-841-4568,5,73071.3
12740,Kathryn,Anderson,hillrichard@example.org,+1-289-387-7095x609,2,95661.6
12741,Brenda,Martin,pbailey@example.org,(854)733-7189,2,84966.67
12742,Jennifer,Keith,aaronvargas@example.net,(861)373-1737x394,3,103397.75
12743,Kimberly,Prince,samantha20@example.net,+1-451-636-3040x3676,2,41790.23
12744,Michael,Mills,,417-568-8276,3,64342.86
12745,Hector,Miranda,stephaniesmith@example.org,+1-457-539-2086,1,75375.75
12746,Sandra,Baker,norman98@example.org,001-432-744-6026x438,4,112112.81
12747,David,Chapman,ramirezkristie@example.com,001-375-504-5066,3,114497.25
12748,Jim,Carroll,lisaalexander@example.com,001-916-726-9899x2906,4,47578.29
12749,Jeffrey,Lowe,ymorse@example.com,233.526.3687x748,1,98175.53
12750,Jesse,Kim,deandawn@example.com,(666)282-3775,,99097.06
12751,Rebecca,Chen,christopher47@example.com,533.590.4900,4,41968.23
12752,James,Anderson,ryangarcia@example.com,883.767.3483x35793,3,88249.53
12753,Jeffrey,Williams,maryturner@example.com,865.631.9215x14466,5,73430.66
12754,Jackson,White,,383-601-0463x185,,82246.43
12755,Sara,Cox,woodardzachary@example.net,+1-992-895-9597x108,5,113431.58
12756,Danny,Weaver,rachelvincent@example.org,293.997.1648x43747,,90857.42
12757,Teresa,Daniels,,905-925-4572x3907,5,80445.72
12758,Catherine,Bradley,angela58@example.com,+1-420-919-6279,2,88651.69
12759,Jamie,Peters,martinezmadison@example.net,(736)662-0537,5,96218.22
12760,Jill,Bryan,toddjennings@example.org,2198547913,4,40402.04
12761,Cheyenne,Fox,walkerkathleen@example.com,+1-624-996-4574x308,5,114012.95
12762,Eric,Mitchell,ajohnson@example.com,001-920-475-1273x0321,3,102664.01
12763,Kyle,Curtis,jensenroy@example.com,+1-446-705-8867x29078,4,79103.59
12764,Lisa,Cruz,steven18@example.net,001-518-609-8226,4,61719.72
12765,Chelsea,Gamble,delacruzwalter@example.org,+1-914-434-5980,3,67171.19
12766,Karen,Anderson,,805-637-2707x07580,,94184.37
12767,Jennifer,West,salinassean@example.org,+1-503-817-9193x85505,3,84157.25
12768,Karen,Garcia,steven47@example.com,9707479365,4,55280.7
12769,Michelle,Hall,annwilson@example.org,823.893.0207x90847,2,70922.18
12770,Karen,Bell,theresaburns@example.net,(271)325-9473,4,75564.24
12771,Lori,Pope,ngarcia@example.net,+1-837-340-3622x9354,1,85714.65
12772,Amy,Salazar,newtonjasmine@example.com,(823)411-0900x1477,2,44063.84
12773,Alexandria,Anderson,,9035109196,2,106435.75
12774,Patricia,Mendez,thomasadams@example.com,+1-357-911-5164x4106,5,65221.31
12775,Shannon,Trevino,,872.811.6636x9864,4,56614.62
12776,Norma,Ross,,+1-568-730-1629,5,91978.84
12777,Bryan,Robinson,kathryn35@example.com,+1-422-679-2456x066,1,75961.56
12778,Francis,Sims,veronica08@example.com,001-388-790-6271x7205,5,51142.32
12779,James,Barnes,ltrevino@example.org,001-842-703-0086x098,3,45132.91
12780,Luke,Alvarez,palmerpatrick@example.org,600.927.7055,5,118606.51
12781,Brenda,Murphy,danielhoover@example.net,721.509.5725,1,71259.3
12782,Michael,Velasquez,sara91@example.net,(515)564-8474x3426,5,70169.18
12783,Michael,Whitehead,stephanieholmes@example.net,(362)651-7228,3,45109.18
12784,Robert,Baird,,001-434-491-7838x33716,1,74589.71
12785,Michelle,Jackson,,(634)282-3773x378,4,65553.1
12786,Edgar,Rodriguez,xtaylor@example.net,925-297-0643,5,99361.59
12787,Amanda,Bennett,qgonzales@example.org,9016138528,1,76332.53
12788,Colleen,Pace,vjohnson@example.com,+1-657-989-9413,4,119079.76
12789,Veronica,Ross,anthony89@example.net,(349)444-2722x47556,1,42329.08
12790,Mark,Preston,fblack@example.com,325-916-6871x6107,1,115814.07
12791,Thomas,Villegas,,(585)892-1893,3,62150.71
12792,Cory,Wallace,william85@example.net,+1-342-982-7604x6128,,51056.36
12793,Deborah,Frazier,thomasscott@example.net,(598)616-4007x30447,5,62875.48
12794,James,Turner,gordonjacob@example.net,656.349.8074x1922,5,78390.58
12795,Patrick,Banks,yharris@example.net,473-679-8111x6479,2,106624.18
12796,Scott,Gonzalez,,+1-576-686-3385x875,4,88386.68
12797,Katherine,Martinez,david29@example.com,(317)995-3437,3,86735.32
12798,Samantha,Wilson,shawnsmith@example.com,+1-433-732-3479x912,1,93353.26
12799,Philip,Miller,charlenevega@example.net,+1-720-764-6986x3403,1,102512.56
12800,Rebecca,Gonzales,,5536570215,2,112747.72
12801,Erik,Guzman,jjohnson@example.org,405-329-1778x06590,4,83299.98
12802,David,Evans,,+1-507-862-7023x5247,,73828.7
12803,Jenna,Hogan,keithmoore@example.com,001-565-647-7333,5,79411.04
12804,Catherine,Martinez,michaelwilliams@example.net,2002210654,2,46628.31
12805,Michael,Little,dmartin@example.net,001-741-644-0959,5,61280.24
12806,Joseph,Myers,fthomas@example.org,001-468-529-4861x609,2,74394.39
12807,Lori,Clark,julie13@example.net,+1-812-238-7048x8477,1,65408.84
12808,William,Cortez,stevenphillips@example.org,618-719-6289x8721,5,94951.3
12809,Nicole,Carter,martinezvictoria@example.com,904.616.3507,4,79543.62
12810,Dennis,Peterson,,+1-483-262-8913x165,1,80360.98
12811,Reginald,Torres,,(858)772-7210x455,4,49459.93
12812,Sabrina,Pace,nalvarez@example.org,(505)763-6327x69349,5,42709.14
12813,Krista,Murray,pricenichole@example.org,437-607-7858x98244,4,92017.1
12814,Robert,Wright,cody77@example.com,(235)310-8607,2,41042.97
12815,Lynn,Sandoval,ericreid@example.com,9453845817,4,74991.27
12816,Carolyn,Howard,heather40@example.net,7647582578,4,47267.3
12817,Wesley,Stephens,williamsonveronica@example.net,266.745.2649,5,72860.85
12818,Lisa,Alvarez,david73@example.org,001-808-419-5258x83145,1,58306.81
12819,Sarah,Ruiz,bensonbrian@example.org,3778167788,1,45921.32
12820,Scott,Browning,matthewnelson@example.com,8724189547,1,70069.12
12821,Melissa,Salazar,hmorris@example.org,001-413-745-2156x626,2,73247.67
12822,Karen,Johnson,,6684892667,3,117156.83
12823,Thomas,Williamson,shannonmclean@example.net,+1-204-796-6095x56873,4,93577.48
12824,Michael,Jones,juliaedwards@example.org,413.385.4481x91980,2,49584.77
12825,John,Williams,ysanders@example.org,8323431636,3,108623.13
12826,Anthony,Perez,qmcfarland@example.net,+1-599-444-5041,2,79148.47
12827,David,Ramos,gjones@example.org,+1-455-294-8507x3187,4,40596.45
12828,Devin,Turner,keithwilkerson@example.net,+1-606-819-5918x29828,5,97557.85
12829,Michael,Kane,victoria87@example.net,+1-763-776-2155,2,41933.42
12830,Alyssa,Trevino,paigerodriguez@example.net,(303)288-7335,1,109614.88
12831,Kevin,Moreno,tyler43@example.net,(913)374-8787,2,79411.29
12832,Danielle,Henson,,(524)687-4479x883,1,85917.34
12833,Chelsea,Russell,,(575)216-0273x3407,1,109427.95
12834,Teresa,Oneill,anna13@example.org,242.921.9200x0961,1,104961.59
12835,Eric,Frederick,reneeclark@example.net,+1-668-711-2030x2960,,88643.14
12836,Paula,Gibson,stevengray@example.net,(708)242-9451x434,5,64120.66
12837,Jennifer,Moody,,634.982.3842,5,111526.41
12838,Gabriella,Flores,,001-898-306-5594x17099,3,110433.51
12839,Edwin,Thomas,apierce@example.net,310-864-5222x60161,1,91285.89
12840,Kathryn,Mccoy,andersonerica@example.net,4642309571,1,84375.25
12841,Veronica,Harris,robertrichardson@example.net,+1-275-261-2052x58760,5,63510.8
12842,Daniel,White,vasquezmarissa@example.com,001-530-207-6614,5,103588.31
12843,Thomas,Perry,huffmanjeffery@example.net,+1-499-531-2451x1735,2,108762.04
12844,Michael,Wallace,,+1-301-857-6389x380,5,99342.74
12845,Jake,Nichols,mcastaneda@example.net,539-837-0050x1673,1,87781.13
12846,Kevin,Shields,jacob52@example.org,001-780-618-2956,5,45739.16
12847,Brittney,Weber,laurenroberts@example.com,995-472-0301,3,80645.32
12848,Nicole,Davis,wreynolds@example.org,+1-488-291-4420x4200,,90520.65
12849,Sharon,Yates,amorris@example.org,272-711-5413x107,4,70584.58
12850,Donald,Cruz,aaronmendoza@example.org,001-563-930-7188x8015,2,91361.36
12851,Christopher,Fritz,mcclurestephen@example.com,001-730-343-3016x140,2,96938.96
12852,Jennifer,Brooks,nhicks@example.com,(244)997-6077,5,81398.65
12853,Daniel,Fernandez,dominic89@example.net,+1-482-284-7717,2,59988.32
12854,Lawrence,Lee,aaron32@example.net,2324576563,3,118017.11
12855,Paul,Harris,troberson@example.org,522.549.6623x5901,2,49197.98
12856,Karen,Ballard,wayne36@example.net,001-718-662-1962x2905,4,98153.92
12857,Molly,Ferguson,ryantimothy@example.org,001-565-684-7363x72187,4,52668.43
12858,Brian,Cole,speterson@example.com,889.663.7181x6448,5,45830.21
12859,Kristin,Sanders,reeveskristin@example.net,591.941.4687x333,1,43889.28
12860,Whitney,Andrews,xlawrence@example.com,(858)905-8794x6302,1,77196.65
12861,Sherry,Jackson,,+1-673-907-0215x03614,1,77112.42
12862,Rachel,Wallace,banksmichael@example.net,001-946-628-7856x2511,4,83390.88
12863,Donald,Abbott,nicholashayes@example.org,930.904.4986x692,2,90610.13
12864,Ivan,Adams,bsnyder@example.com,729-721-3645,5,83911.67
12865,Kevin,Barnes,michaeltyler@example.com,(705)591-1603,4,54725.42
12866,Kathleen,Maxwell,korr@example.org,647.643.4286,,116553.17
12867,James,Walter,andrewmccarty@example.net,296.780.6826x637,3,97289.5
12868,Dana,Marshall,miranda57@example.org,001-425-683-2949x09270,3,46460.45
12869,Arthur,Krause,wjones@example.org,9096365333,5,93976.2
12870,Deborah,Ford,contrerasraymond@example.net,+1-790-965-6931x5973,4,76997.95
12871,Richard,Summers,amandalopez@example.net,586.208.5305x5942,5,104018.07
12872,Shawna,Hart,joy88@example.net,919-612-2387,3,101370.79
12873,Heather,Wilson,,(403)551-1022,1,74835.2
12874,Samuel,Caldwell,williamsmargaret@example.org,001-596-354-3867x796,,94975.85
12875,Kevin,Campbell,ljohnson@example.net,287-917-1942,2,53493.01
12876,Tyler,Kim,gallaghermadeline@example.net,3295796733,5,82737.7
12877,David,Ellis,,7724422678,3,58051.28
12878,Janet,Gibbs,timothy03@example.net,(528)371-2422x1740,2,103145.05
12879,Jocelyn,Washington,tclark@example.org,(903)454-8216,,53394.33
12880,Gail,Valdez,murphyshawn@example.org,666-394-4767,4,111170.27
12881,Robert,Thomas,foleycheryl@example.org,(203)552-5032,4,68822.63
12882,Lori,Everett,,217.838.0229x271,1,53724.02
12883,John,Mcgee,isimmons@example.com,(284)498-8642x7834,,64646.61
12884,William,Arnold,tammyhoward@example.com,367.303.5416x468,5,106813.66
12885,Charles,Lara,robert75@example.net,001-710-782-7732x2360,3,45299.17
12886,Allison,Randall,joshua70@example.org,(330)848-5661x698,5,113096.58
12887,Jason,Skinner,michelefoster@example.com,+1-543-829-2676,1,116125.74
12888,David,Gray,garciaamanda@example.org,001-428-922-0624x410,3,51749.8
12889,Pedro,Fields,tanya32@example.org,674.571.8099x75230,3,60948.19
12890,Ross,Brown,,660.756.7870x65798,5,40385.95
12891,Alicia,Martinez,williamsnicole@example.org,001-767-564-4889x1291,4,98485.88
12892,Heather,Cameron,erik68@example.com,402-670-2040,4,89338.13
12893,Carmen,Casey,jason30@example.org,9208879032,2,106782.02
12894,Kenneth,Watson,,001-356-993-1260,1,93249.54
12895,Jack,Moody,melissajohnson@example.net,+1-487-508-5634x3547,,71541.93
12896,Jonathan,Townsend,bakermaria@example.com,902-410-4195,2,109196.37
12897,Kristie,Stuart,,001-208-978-1666,2,81198.95
12898,John,Duarte,clynn@example.org,(946)638-1390x6578,3,89206.34
12899,Jason,Knapp,harveybrandon@example.org,953-369-3869x2727,3,68357.85
12900,Clifford,Hunt,hoganchristina@example.com,913-404-6817x964,4,85729.4
12901,Jeremy,Fernandez,clopez@example.com,409-489-6546x4472,1,82005.88
12902,Karen,Joseph,,+1-713-783-4886,4,57435.74
12903,Joanne,Bradford,,(222)988-3950,4,102278.05
12904,Joshua,Moran,cherylgraham@example.net,651.404.8049x2124,4,117137.3
12905,Shawn,Wright,,001-728-250-8644x01975,5,56020.52
12906,Carol,White,johnsondavid@example.com,8185077595,1,69810.75
12907,Mary,Anderson,bcox@example.com,334-425-9978,3,102348.26
12908,Robert,Webb,jenna30@example.net,(235)220-8881x509,5,75929.94
12909,Matthew,Glass,padillayolanda@example.com,001-211-453-9404,5,87050.07
12910,Vincent,Stanton,colson@example.org,305.525.1359x542,4,84601.65
12911,Jonathan,Diaz,jordandevon@example.net,920.760.5284x535,2,118431.23
12912,Renee,Watson,ebenjamin@example.com,001-694-537-7192x5050,4,104505.71
12913,Christopher,Armstrong,lynngreene@example.com,001-390-334-2472x74175,2,100270.83
12914,Brian,Burns,michelleallen@example.com,001-887-738-8503x7512,1,58168.01
12915,Mark,Patterson,dmorris@example.com,(242)313-6590x1812,2,79584.23
12916,Lauren,West,lfletcher@example.com,357-561-9230x46923,3,115319.26
12917,Megan,Craig,,616-957-0463x384,4,74510.73
12918,Thomas,Page,,774.343.0115x378,1,100868.03
12919,John,Rivas,courtneyshelton@example.com,668.881.6028x701,1,79750.42
12920,Linda,Pitts,bentonjerry@example.org,001-209-522-4719,2,80675.74
12921,Alexis,Perez,jamesfreeman@example.org,501.241.4597,5,60929.06
12922,George,Gonzalez,bbrown@example.org,+1-835-857-1170x71778,2,93094.33
12923,Dawn,Simon,joseparker@example.org,842.590.9915x497,5,117630.27
12924,Vickie,Brown,laneian@example.com,001-513-266-3326x55640,1,95409.3
12925,Shane,Cummings,laura99@example.com,823.434.8364x451,2,91974.46
12926,Shannon,Ball,seanmcdaniel@example.org,001-410-318-5615x74938,4,110247.32
12927,Jose,Miller,jhardin@example.com,(352)228-5640,3,90285.67
12928,Mark,Copeland,nicoleshaw@example.net,509-924-7528,1,116290.69
12929,Taylor,Perez,brett78@example.com,513-529-9349,2,54078.03
12930,Joseph,Cook,,(625)535-3251,,97425.42
12931,Suzanne,Mccoy,james10@example.net,+1-855-365-9431x0792,5,115810.15
12932,Kenneth,Mills,williamwilliams@example.org,001-850-355-5683x3213,4,79019.6
12933,Tammy,Garcia,katie75@example.org,+1-899-477-2831x4090,3,90422.46
12934,Beverly,Oconnor,gcook@example.org,332.319.8843x609,4,85723.58
12935,Jamie,Roach,ohaley@example.net,(360)449-3943x255,4,100058.54
12936,Jason,Myers,,248.939.7484x890,4,68515.13
12937,Tina,Davis,watsondouglas@example.org,+1-647-233-4616x327,2,64464.29
12938,Kenneth,Ray,laurabennett@example.com,001-369-907-2185x39394,4,74382.09
12939,Kelsey,Santos,moorejohn@example.net,585-331-0416,2,48060.73
12940,Valerie,Dougherty,lindagarcia@example.com,+1-402-816-9840x2580,3,68164.8
12941,Grace,Thompson,ruizandre@example.org,(614)648-6387x47539,2,66521.34
12942,Jean,Kramer,josephrobertson@example.com,+1-328-619-3539,5,105512.4
12943,Kimberly,Roberts,karlmorgan@example.net,397.502.9467x1910,2,45048.14
12944,Scott,Roberts,dixonjacob@example.org,931-626-1981x59480,4,106526.72
12945,Kevin,Herrera,beckpatrick@example.com,(454)235-1174,5,114498.74
12946,Michelle,Alvarado,rebeccagillespie@example.net,495-645-0284x842,4,83509.47
12947,Mary,Rodriguez,kpoole@example.com,227-516-2378,1,43509.53
12948,Samantha,Smith,david20@example.net,(441)607-3464,3,95825.14
12949,Michelle,Jenkins,belindabrock@example.org,682.971.9877x825,4,49267.54
12950,Rebecca,Woods,bwright@example.com,(923)869-2749,3,61613.85
12951,Ann,Dawson,michael26@example.net,+1-901-799-5677x694,2,70485.56
12952,Michael,Harrison,hardingtiffany@example.org,621.749.4347x018,5,103008.09
12953,Karen,Tran,xsanford@example.net,+1-243-871-3698,4,109073.12
12954,Brandon,Lopez,amanda75@example.net,(235)611-6958x012,2,40486.47
12955,Danny,Ellis,jacobgoodwin@example.org,602-325-9965x12711,1,78249.4
12956,Bryan,Baker,vduncan@example.org,(607)976-8798x01952,5,91197.42
12957,Carol,Ortiz,,587-665-1103,5,69289.48
12958,Kayla,Harris,,+1-712-773-0865x0280,3,83817.93
12959,Heather,Grant,,(583)385-1998x87724,4,48924.79
12960,Chelsea,Parker,hicksshannon@example.org,+1-655-282-8793x02408,3,70946.81
12961,Scott,Owens,fprice@example.org,+1-752-872-4440x585,4,117384.5
12962,Lisa,Beck,curtis07@example.org,001-595-462-6900x0238,5,115744.87
12963,Tamara,Evans,,(773)430-1602x9582,2,97633.2
12964,Heidi,Smith,paulmckenzie@example.com,+1-668-213-1004x948,2,85140.81
12965,Maureen,Garza,bishopbilly@example.net,814-762-2319x5676,,110384.79
12966,Travis,Perez,alexkeller@example.net,001-527-955-3935x448,1,89088.51
12967,Shari,Parker,,252-699-8944x664,2,115558.83
12968,Ashley,Moore,schultzdesiree@example.net,+1-715-823-9065x898,3,89276.92
12969,Michael,Russell,charlesholmes@example.com,972.338.9479x933,5,57649.89
12970,Judy,Salazar,uhatfield@example.net,467-236-8048x262,3,63802.83
12971,Stephen,Sellers,kyle78@example.com,7668838007,4,99116.89
12972,Gabriel,Bond,christina48@example.com,001-291-973-0790,4,44795.73
12973,James,Cook,matthew86@example.com,001-543-468-9594,4,86122.53
12974,Isaac,Hughes,icallahan@example.org,+1-668-525-1917x88387,2,82618.69
12975,Laura,Taylor,martingonzalez@example.org,593.535.3384x8765,5,117117.75
12976,Kelly,Smith,emily78@example.org,274.216.5445x65306,3,84697.76
12977,Thomas,Mack,merrittchristina@example.com,334.623.1742x352,2,74511.04
12978,Jennifer,Frederick,gerald55@example.com,001-381-346-2941x4864,4,103095.69
12979,Kimberly,Wade,nancyklein@example.org,+1-463-297-1892x806,1,87192.5
12980,Scott,Thompson,,+1-741-852-7985x10581,2,71811.26
12981,Joseph,Rogers,zachary02@example.net,783.341.2089,2,71186.32
12982,Patty,Clark,jeffersonpamela@example.com,2824745980,2,74491.87
12983,Benjamin,Vaughn,blanchardlarry@example.net,+1-644-988-1452x72010,5,69187.8
12984,Joy,Mathews,brandonstewart@example.net,251.898.4079x66434,5,78127.32
12985,Misty,Hart,ginascott@example.com,001-797-665-6099x1268,5,60224.09
12986,Brandi,Hess,gellis@example.net,+1-846-711-3303x692,4,103194.45
12987,Thomas,Anderson,stephaniesimon@example.net,001-842-229-3691,5,95885.34
12988,Laura,Garcia,hmiller@example.net,484.756.4248x042,3,96628.57
12989,Kimberly,Brown,debra26@example.com,+1-259-560-0183,1,106467.76
12990,Gabriella,Best,ncochran@example.net,659.483.4671,2,62979.44
12991,Eric,Hunter,rowlandmatthew@example.com,567-234-9676x446,4,61039.93
12992,Heather,Robinson,estrickland@example.net,(564)802-2510,4,78992.75
12993,Tammy,Bell,wbonilla@example.com,722.762.3071x6012,1,110343.92
12994,Nicholas,West,,613.799.2974,4,80316.33
12995,Jennifer,Brown,,(390)427-7362x86703,3,73067.47
12996,Blake,Lamb,christianaguirre@example.net,+1-920-423-1647x325,5,117070.85
12997,Michael,White,,(588)626-9201,1,68314.34
12998,Mark,Crane,nicholas52@example.net,7995916309,2,116365.87
12999,Manuel,Marshall,parkjuan@example.org,(526)846-9241,3,104545.51
13000,Nicole,Wright,jacob04@example.org,(596)493-3100,2,84270.79
